match_id,date,date_unix,status,game_week,season,fetch_date,league_id,league_name,homeID,home_name,awayID,away_name,team_a_xg_prematch,team_b_xg_prematch,pre_match_teamA_ppg,pre_match_teamB_ppg,odds_ft_1,odds_ft_x,odds_ft_2,odds_ft_1_prob,odds_ft_x_prob,odds_ft_2_prob,odds_ft_over05,odds_ft_under05,odds_ft_over15,odds_ft_under15,odds_ft_over25,odds_ft_under25,odds_ft_over35,odds_ft_under35,odds_ft_over45,odds_ft_under45,odds_btts_yes,odds_btts_no,odds_doublechance_1x,odds_doublechance_12,odds_doublechance_x2,btts_potential,o05_potential,o15_potential,o25_potential,o35_potential,o45_potential,CTMCL,IP_OVER,avg_goals_market,pre_total_xg,odds_1st_half_1,odds_1st_half_x,odds_1st_half_2,odds_corners_over_85,odds_corners_over_95,team_a_attacks,team_b_attacks,team_a_dangerous_attacks,team_b_dangerous_attacks,team_a_penalties_won,team_b_penalties_won
8405575,2026-01-31 01:00:00,1769821200,complete,4,2025/2026,2026-01-31,15234,Mexico Liga MX,1433,Puebla,1424,Toluca,1.32,1.79,,,5.25,4.3,1.5,0.17479674796747965,0.21341463414634146,0.6117886178861788,1.04,11.0,1.26,3.75,1.77,1.95,2.83,1.33,5.75,1.13,1.85,1.8,1.22,0,1.13,55,90,72,62,43,22,2.5649717514124295,0.5649717514124294,2.4,3.1100000000000003,,,,1.49,1.8,64,128,18,82,0,0
8405585,2026-01-31 03:00:00,1769828400,complete,4,2025/2026,2026-01-31,15234,Mexico Liga MX,1422,Pumas UNAM,1426,Santos Laguna,1.31,1.21,,,1.55,4.0,4.6,0.579892845887173,0.22470847778127956,0.19539867633154745,1.03,15.0,1.2,4.5,1.52,2.24,2.45,1.5,4.75,1.18,1.6,2.13,1.22,0,2.2,63,98,76,54,42,22,2.6578947368421053,0.6578947368421053,2.28,2.52,,,,1.39,1.67,60,90,28,32,0,0
8405614,2026-01-31 03:06:00,1769828760,complete,4,2025/2026,2026-01-31,15234,Mexico Liga MX,1444,Juárez,1432,Cruz Azul,1.26,1.9,,,3.41,3.2,2.0,0.2652080225426819,0.28261229902204543,0.4521796784352727,1.05,9.5,1.3,3.1,2.0,1.75,3.55,1.24,6.5,1.08,1.75,1.91,1.27,0,1.22,69,94,81,57,31,19,2.5,0.5,2.26,3.16,,,,1.56,2.21,109,83,45,22,1,0
8200736,2026-01-31 13:00:00,1769864400,incomplete,22,2025/2026,2026-01-31,14956,Spain La Liga,309,Real Oviedo,312,Girona FC,1.13,1.15,,,2.7,2.99,2.72,0.3453447587665288,0.31184978216375514,0.3428054590697161,1.05,7.5,1.39,3.0,2.3,1.63,4.05,1.19,9.0,1.06,1.9,1.9,1.31,0,1.44,45,80,75,40,10,5,2.4347826086956523,0.4347826086956522,2.15,2.28,,,,1.57,1.92,0,0,0,0,0,0
8238724,2026-01-31 14:00:00,1769868000,incomplete,23,2025/2026,2026-01-31,15068,Italy Serie A,507,Pisa,469,Sassuolo,1.18,1.15,,,2.95,3.1,2.6,0.32402010050251256,0.3083417085427136,0.3676381909547739,1.09,7.5,1.36,2.88,2.28,1.61,4.2,1.22,8.2,1.06,1.85,1.85,1.44,0,1.38,27,82,55,27,9,5,2.43859649122807,0.4385964912280702,2.2199999999999998,2.33,,,,1.76,2.48,0,0,0,0,0,0
8227555,2026-01-31 14:30:00,1769869800,incomplete,20,2025/2026,2026-01-31,14968,Germany Bundesliga,44,Eintracht Frankfurt,40,Bayer Leverkusen,1.46,1.33,,,2.8,3.6,2.1,0.3214285714285714,0.25,0.42857142857142855,1.03,18.5,1.15,5.0,1.5,2.5,2.37,1.57,4.0,1.23,1.44,2.5,1.78,0,1.36,60,100,83,66,47,29,2.6666666666666665,0.6666666666666666,2.33,2.79,,,,1.58,1.93,0,0,0,0,0,0
8227579,2026-01-31 14:30:00,1769869800,incomplete,20,2025/2026,2026-01-31,14968,Germany Bundesliga,50,Augsburg,548,St. Pauli,1.4,1.06,,,2.0,3.05,4.14,0.46754545117932383,0.306587181101196,0.22586736771948013,1.06,8.0,1.39,2.8,2.25,1.62,4.0,1.2,8.5,1.06,1.95,1.75,1.27,0,1.8,50,90,75,45,35,20,2.4444444444444446,0.4444444444444444,2.2,2.46,,,,1.62,2.05,0,0,0,0,0,0
8227581,2026-01-31 14:30:00,1769869800,incomplete,20,2025/2026,2026-01-31,14968,Germany Bundesliga,49,Hoffenheim,541,Union Berlin,1.73,1.39,,,1.8,3.7,4.4,0.5275437459494492,0.2566429034348671,0.21581335061568374,1.02,11.0,1.28,3.75,1.87,2.0,2.84,1.36,5.1,1.13,1.72,2.05,1.25,0,2.0,56,100,73,56,45,22,2.53475935828877,0.53475935828877,2.33,3.12,,,,1.44,1.76,0,0,0,0,0,0
8227586,2026-01-31 14:30:00,1769869800,incomplete,20,2025/2026,2026-01-31,14968,Germany Bundesliga,37,Werder Bremen,39,Borussia M'gladbach,1.68,1.27,,,2.3,3.48,3.0,0.4119318181818182,0.27225378787878785,0.3158143939393939,1.01,13.0,1.19,4.4,1.68,2.21,2.65,1.49,4.4,1.18,1.53,2.4,1.3,0,1.65,39,95,73,50,33,17,2.5952380952380953,0.5952380952380952,2.27,2.95,,,,1.47,1.8,0,0,0,0,0,0
8227799,2026-01-31 14:30:00,1769869800,incomplete,20,2025/2026,2026-01-31,14968,Germany Bundesliga,46,RB Leipzig,34,Mainz 05,1.93,1.13,,,1.55,4.4,5.45,0.6109943308490987,0.21523663927638703,0.1737690298745143,1.03,17.0,1.13,5.0,1.52,2.5,2.28,1.62,3.64,1.25,1.57,2.25,1.2,0,2.45,62,100,95,73,56,17,2.6578947368421053,0.6578947368421053,2.28,3.0599999999999996,,,,1.41,1.89,0,0,0,0,0,0
8223583,2026-01-31 15:00:00,1769871600,incomplete,24,2025/2026,2026-01-31,15050,England Premier League,209,Brighton & Hove Albion,144,Everton,1.71,1.05,,,1.85,3.7,4.12,0.5130759651307596,0.2565379825653798,0.23038605230386053,1.05,11.0,1.3,3.68,1.87,1.91,3.04,1.33,6.0,1.13,1.8,2.07,1.3,0,1.91,50,91,73,37,14,9,2.53475935828877,0.53475935828877,2.14,2.76,,,,1.42,1.73,0,0,0,0,0,0
8223585,2026-01-31 15:00:00,1769871600,incomplete,24,2025/2026,2026-01-31,15050,England Premier League,222,Leeds United,59,Arsenal,1.59,1.61,,,6.4,4.05,1.48,0.14483158556033443,0.22886966607065193,0.6262987483690137,1.04,9.0,1.27,3.36,1.98,1.85,3.45,1.3,6.5,1.1,1.94,1.85,1.25,0,1.14,59,91,64,50,27,14,2.505050505050505,0.5050505050505051,2.36,3.2,,,,1.59,2.28,0,0,0,0,0,0
8223591,2026-01-31 15:00:00,1769871600,incomplete,24,2025/2026,2026-01-31,15050,England Premier League,223,Wolverhampton Wanderers,148,AFC Bournemouth,1.14,1.61,,,2.95,3.5,2.37,0.32387794545419046,0.2729828397399605,0.40313921480584886,1.05,12.9,1.23,3.64,1.8,2.08,3.0,1.36,5.6,1.1,1.63,2.25,1.3,0,1.36,64,96,87,69,64,36,2.5555555555555554,0.5555555555555556,2.32,2.75,,,,1.38,1.83,0,0,0,0,0,0
8200779,2026-01-31 15:15:00,1769872500,incomplete,22,2025/2026,2026-01-31,14956,Spain La Liga,287,CA Osasuna,76,Villarreal,1.48,1.11,,,2.78,3.1,2.55,0.3347873962392004,0.30022869727257323,0.3649839064882263,1.01,8.4,1.26,3.86,1.92,1.97,3.04,1.32,6.25,1.08,1.68,2.08,1.36,0,1.4,58,100,95,47,32,16,2.5208333333333335,0.5208333333333334,2.02,2.59,,,,1.66,2.44,0,0,0,0,0,0
8007586,2026-01-31 15:30:00,1769873400,incomplete,21,2025/2026,2026-01-31,14936,Netherlands Eredivisie,378,AZ,379,NEC,1.93,1.91,,,1.78,4.06,3.7,0.5209677195610859,0.22840456670412143,0.25062771373479265,1.02,19.0,1.14,5.5,1.41,2.63,2.15,1.67,3.4,1.25,1.43,2.63,1.25,0,1.95,90,100,90,79,74,52,2.7092198581560285,0.7092198581560284,2.39,3.84,,,,1.38,1.63,0,0,0,0,0,0
8227292,2026-01-31 15:30:00,1769873400,incomplete,20,2025/2026,2026-01-31,15115,Portugal Liga NOS,1028,Santa Clara,164,GD Estoril Praia,1.31,1.44,,,2.25,3.2,3.53,0.427255706639938,0.3004141687312064,0.2723301246288557,1.09,7.0,1.36,2.71,2.37,1.65,4.15,1.16,8.7,1.01,1.92,1.79,1.39,0,1.65,37,90,65,54,39,11,2.4219409282700424,0.42194092827004215,2.39,2.75,,,,1.7,2.46,0,0,0,0,0,0
8360577,2026-01-31 16:00:00,1769875200,incomplete,20,2025/2026,2026-01-31,14932,France Ligue 1,494,Paris,443,Olympique Marseille,1.49,1.65,,,3.77,3.8,1.9,0.2514890800794176,0.24950363997352742,0.49900727994705485,1.05,14.4,1.21,3.86,1.7,2.05,2.75,1.42,5.0,1.12,1.65,2.15,1.3,0,1.29,50,95,67,56,28,28,2.588235294117647,0.5882352941176471,2.39,3.1399999999999997,,,,1.6,2.02,0,0,0,0,0,0
8238573,2026-01-31 17:00:00,1769878800,incomplete,23,2025/2026,2026-01-31,15068,Italy Serie A,74,Napoli,471,Fiorentina,1.56,1.16,,,1.85,3.5,4.5,0.5155482815057284,0.27250409165302786,0.2119476268412439,1.07,9.0,1.35,3.2,2.12,1.75,3.6,1.25,6.35,1.08,1.93,1.85,1.33,0,1.85,58,81,67,58,34,5,2.4716981132075473,0.4716981132075471,2.41,2.7199999999999998,,,,1.63,2.15,0,0,0,0,0,0
8200563,2026-01-31 17:30:00,1769880600,incomplete,22,2025/2026,2026-01-31,14956,Spain La Liga,292,Levante UD,117,Atlético Madrid,1.27,1.31,,,5.0,4.19,1.65,0.19143810486383206,0.22844642585182823,0.5801154692843395,1.04,13.0,1.19,4.1,1.7,2.2,2.59,1.4,5.5,1.18,1.75,2.0,1.25,0,1.19,69,100,90,49,27,17,2.588235294117647,0.5882352941176471,2.09,2.58,,,,1.41,1.77,0,0,0,0,0,0
8223584,2026-01-31 17:30:00,1769880600,incomplete,24,2025/2026,2026-01-31,15050,England Premier League,152,Chelsea,153,West Ham United,1.67,1.16,,,1.52,4.5,5.6,0.6214243440520814,0.20990333399092523,0.1686723219569935,1.03,16.0,1.18,4.6,1.5,2.45,2.36,1.66,4.2,1.22,1.7,2.23,1.2,0,2.5,55,96,96,60,14,0,2.6666666666666665,0.6666666666666666,2.14,2.83,,,,1.25,1.42,0,0,0,0,0,0
8227558,2026-01-31 17:30:00,1769880600,incomplete,20,2025/2026,2026-01-31,14968,Germany Bundesliga,36,Hamburger SV,38,Bayern München,1.63,2.29,,,8.2,6.5,1.3,0.11669658886894077,0.1472172351885099,0.7360861759425493,1.01,29.0,1.08,7.5,1.32,3.3,1.87,1.95,2.85,1.4,1.62,2.2,1.13,0,1.08,56,95,89,72,50,28,2.757575757575758,0.7575757575757576,2.33,3.92,,,,1.57,2.15,0,0,0,0,0,0
8007594,2026-01-31 17:45:00,1769881500,incomplete,21,2025/2026,2026-01-31,14936,Netherlands Eredivisie,380,PEC Zwolle,389,Telstar,1.0,1.25,,,2.31,3.74,2.8,0.4093919325707405,0.2528597230583985,0.33774834437086093,1.01,14.8,1.16,4.2,1.68,2.23,2.65,1.42,4.6,1.13,1.53,2.3,1.4,0,1.57,33,95,67,33,22,0,2.5952380952380953,0.5952380952380952,2.16,2.25,,,,1.37,1.9,0,0,0,0,0,0
8227291,2026-01-31 18:00:00,1769882400,incomplete,20,2025/2026,2026-01-31,15115,Portugal Liga NOS,171,Rio Ave FC,167,FC Arouca,1.04,1.06,,,2.5,3.3,2.8,0.3772968558595345,0.2858309514087382,0.3368721927317272,1.03,7.4,1.31,3.51,2.04,1.8,3.45,1.3,5.9,1.07,1.71,2.02,1.28,0,1.51,50,95,84,62,45,17,2.4901960784313726,0.49019607843137253,2.28,2.1,,,,1.37,1.94,0,0,0,0,0,0
8360542,2026-01-31 18:00:00,1769882400,incomplete,20,2025/2026,2026-01-31,14932,France Ligue 1,448,Lorient,440,Nantes,1.52,0.99,,,1.85,3.5,4.2,0.5078597339782346,0.26844014510278114,0.22370012091898428,1.02,9.0,1.33,3.1,2.06,1.8,3.6,1.26,7.5,1.05,1.92,1.92,1.2,0,2.0,61,95,78,50,39,17,2.4854368932038833,0.4854368932038835,2.2199999999999998,2.51,,,,1.64,2.5,0,0,0,0,0,0
8238751,2026-01-31 19:45:00,1769888700,incomplete,23,2025/2026,2026-01-31,15068,Italy Serie A,455,Cagliari,473,Hellas Verona,1.06,1.22,,,2.2,3.05,4.0,0.4402742692168892,0.3175748827138218,0.24215084806928908,1.05,7.5,1.44,2.5,2.57,1.53,4.65,1.15,11.0,1.05,2.05,1.7,1.4,0,1.75,43,87,72,43,24,5,2.3891050583657587,0.38910505836575876,2.21,2.2800000000000002,,,,1.67,2.12,0,0,0,0,0,0
8007599,2026-01-31 20:00:00,1769889600,incomplete,21,2025/2026,2026-01-31,14936,Netherlands Eredivisie,371,Sparta Rotterdam,372,Groningen,1.42,1.67,,,2.6,3.5,2.6,0.36458333333333337,0.27083333333333337,0.36458333333333337,1.0,12.4,1.22,3.7,1.81,2.04,2.8,1.35,5.4,1.1,1.62,2.15,1.3,0,1.44,45,100,80,45,25,20,2.552486187845304,0.5524861878453039,2.15,3.09,,,,1.45,1.74,0,0,0,0,0,0
8200556,2026-01-31 20:00:00,1769889600,incomplete,22,2025/2026,2026-01-31,14956,Spain La Liga,295,Elche CF,83,FC Barcelona,1.61,2.2,,,7.27,6.15,1.33,0.1307483643466738,0.15455944858541765,0.7146921870679086,1.01,26.0,1.09,7.5,1.32,3.3,1.94,1.85,2.82,1.36,1.57,2.3,1.16,0,1.1,64,96,91,64,41,18,2.757575757575758,0.7575757575757576,2.23,3.8100000000000005,,,,1.41,1.63,0,0,0,0,0,0
8223587,2026-01-31 20:00:00,1769889600,incomplete,24,2025/2026,2026-01-31,15050,England Premier League,151,Liverpool,157,Newcastle United,2.02,1.44,,,1.8,4.06,4.06,0.5300261096605744,0.2349869451697128,0.2349869451697128,1.01,17.0,1.19,4.6,1.6,2.32,2.63,1.46,4.5,1.14,1.56,2.42,1.25,0,2.01,50,78,64,45,23,9,2.625,0.625,2.31,3.46,,,,1.26,1.49,0,0,0,0,0,0
8206427,2026-01-31 20:05:00,1769889900,incomplete,20,2025/2026,2026-01-31,14932,France Ligue 1,56,Monaco,442,Rennes,1.51,1.17,,,1.8,3.9,3.44,0.5038305543037405,0.23253717890941866,0.26363226678684093,1.03,17.0,1.11,5.75,1.46,2.5,2.24,1.73,3.8,1.25,1.46,2.66,1.29,0,1.85,57,100,74,63,63,21,2.684931506849315,0.684931506849315,2.39,2.6799999999999997,,,,1.58,2.14,0,0,0,0,0,0
8227273,2026-01-31 20:30:00,1769891400,incomplete,20,2025/2026,2026-01-31,15115,Portugal Liga NOS,10708,Alverca,15804,Estrela Amadora,1.29,0.87,,,1.91,3.25,3.5,0.468733903368703,0.27547130936437625,0.2557947872669208,1.09,8.1,1.37,3.06,2.17,1.7,3.9,1.25,8.1,1.02,1.96,1.81,1.36,0,1.76,37,89,74,53,33,11,2.460829493087558,0.4608294930875576,2.29,2.16,,,,1.69,2.6,0,0,0,0,0,0
8405640,2026-01-31 23:00:00,1769900400,incomplete,4,2025/2026,2026-01-31,15234,Mexico Liga MX,1421,Atlas,686211,Mazatlán,1.04,1.08,,,1.74,3.85,4.08,0.5323626898753483,0.24060028061898855,0.22703702950566323,1.04,10.0,1.24,3.3,1.87,1.9,3.2,1.33,6.25,1.06,1.8,1.85,1.25,0,2.0,63,95,80,58,45,23,2.53475935828877,0.53475935828877,2.28,2.12,,,,1.36,1.7,0,0,0,0,0,0
8405580,2026-02-01 01:00:00,1769907600,incomplete,4,2025/2026,2026-02-01,15234,Mexico Liga MX,1434,León,1423,Tigres UANL,1.27,1.73,,,3.2,3.42,2.12,0.29026679050699805,0.2715946577843256,0.43813855170867627,1.01,10.5,1.28,3.42,1.86,1.95,3.0,1.33,5.97,1.11,1.65,2.05,1.65,0,1.3,50,92,77,44,26,15,2.5376344086021505,0.5376344086021505,2.17,3.0,,,,1.4,1.96,0,0,0,0,0,0
8405637,2026-02-01 01:00:00,1769907600,incomplete,4,2025/2026,2026-02-01,15234,Mexico Liga MX,1430,Monterrey,1418,Tijuana,1.53,1.28,,,1.55,4.15,5.4,0.6022169969768223,0.22492442055760833,0.17285858246556937,1.04,12.0,1.22,4.33,1.71,2.1,2.55,1.4,4.65,1.15,1.73,2.05,1.2,0,2.38,53,96,81,55,43,26,2.5847953216374266,0.5847953216374269,2.24,2.81,,,,1.51,1.96,0,0,0,0,0,0
8405581,2026-02-01 03:00:00,1769914800,incomplete,4,2025/2026,2026-02-01,15234,Mexico Liga MX,1420,América,1428,Necaxa,1.61,1.67,,,1.51,4.0,4.8,0.5909874415168678,0.2230977591726176,0.18591479931051466,1.01,9.5,1.24,3.8,1.75,2.0,2.7,1.36,4.85,1.13,1.84,1.85,1.09,0,2.3,60,96,81,50,34,15,2.571428571428571,0.5714285714285714,2.19,3.2800000000000002,,,,1.4,1.89,0,0,0,0,0,0
8007378,2026-02-01 11:15:00,1769944500,incomplete,21,2025/2026,2026-02-01,14936,Netherlands Eredivisie,374,Excelsior,120,Ajax,1.31,1.74,,,4.0,3.7,1.7,0.22552886339189673,0.24381498745069913,0.5306561491574041,1.03,16.0,1.16,4.75,1.57,2.35,2.38,1.53,4.0,1.2,1.53,2.38,1.25,0,1.2,75,100,80,70,44,17,2.6369426751592355,0.6369426751592356,2.4,3.05,,,,1.44,1.88,0,0,0,0,0,0
8238704,2026-02-01 11:30:00,1769945400,incomplete,23,2025/2026,2026-02-01,15068,Italy Serie A,456,Torino,2330,Lecce,1.4,0.92,,,1.99,3.1,4.3,0.47512118619903054,0.30499714856002286,0.2198816652409467,1.1,6.5,1.44,2.5,2.58,1.5,4.85,1.17,10.25,1.05,2.15,1.62,1.36,0,1.85,43,91,62,42,24,19,2.387596899224806,0.38759689922480617,2.3,2.32,,,,1.61,2.46,0,0,0,0,0,0
8200781,2026-02-01 13:00:00,1769950800,incomplete,22,2025/2026,2026-02-01,14956,Spain La Liga,84,Real Madrid,291,Rayo Vallecano,2.39,1.32,,,1.13,6.0,10.5,0.7716332904648172,0.14532426970420723,0.08304243983097556,1.01,20.0,1.13,5.5,1.44,2.65,2.25,1.7,3.48,1.25,1.8,1.91,1.11,0,3.96,29,96,77,53,33,10,2.6944444444444446,0.6944444444444444,2.26,3.71,,,,1.33,1.54,0,0,0,0,0,0
8007387,2026-02-01 13:30:00,1769952600,incomplete,21,2025/2026,2026-02-01,14936,Netherlands Eredivisie,370,Heracles,387,Fortuna Sittard,1.59,1.21,,,2.31,3.6,2.8,0.40540540540540543,0.26013513513513514,0.3344594594594595,1.0,9.5,1.22,3.75,1.79,2.05,2.88,1.43,5.32,1.14,1.62,2.34,1.25,0,1.57,63,100,90,69,42,32,2.558659217877095,0.5586592178770949,2.29,2.8,,,,1.28,1.71,0,0,0,0,0,0
8007598,2026-02-01 13:30:00,1769952600,incomplete,21,2025/2026,2026-02-01,14936,Netherlands Eredivisie,121,PSV,367,Feyenoord,2.27,1.87,,,1.6,4.16,3.9,0.5571428571428572,0.21428571428571427,0.2285714285714286,1.01,19.0,1.11,5.75,1.37,2.7,2.0,1.76,3.18,1.27,1.44,2.74,1.23,0,2.09,68,100,95,84,57,36,2.72992700729927,0.7299270072992701,2.39,4.140000000000001,,,,1.31,1.81,0,0,0,0,0,0
8223581,2026-02-01 14:00:00,1769954400,incomplete,24,2025/2026,2026-02-01,15050,England Premier League,158,Aston Villa,218,Brentford,1.45,1.19,,,1.99,3.45,3.5,0.46611723379205194,0.2688618247090387,0.26502094149890953,1.01,11.0,1.24,3.75,1.82,2.0,2.84,1.36,5.1,1.13,1.62,2.23,1.3,0,1.75,45,96,82,55,27,5,2.5494505494505493,0.5494505494505494,2.23,2.6399999999999997,,,,1.39,1.7,0,0,0,0,0,0
8223588,2026-02-01 14:00:00,1769954400,incomplete,24,2025/2026,2026-02-01,15050,England Premier League,211,Nottingham Forest,143,Crystal Palace,1.62,1.14,,,1.93,3.5,3.89,0.48838318799614033,0.269308443666443,0.24230836833741662,1.06,9.5,1.33,3.2,2.0,1.8,3.34,1.25,7.5,1.08,1.8,1.91,1.3,0,1.83,41,91,78,60,18,5,2.5,0.5,2.32,2.76,,,,1.41,1.71,0,0,0,0,0,0
8223589,2026-02-01 14:00:00,1769954400,incomplete,24,2025/2026,2026-02-01,15050,England Premier League,149,Manchester United,162,Fulham,1.92,1.22,,,1.57,4.44,5.2,0.6040373808302898,0.21358979457287272,0.18237282459683749,1.03,11.0,1.2,4.25,1.68,2.2,2.7,1.48,4.6,1.13,1.68,2.12,1.17,0,2.25,60,100,78,41,27,18,2.5952380952380953,0.5952380952380952,2.13,3.1399999999999997,,,,1.34,1.6,0,0,0,0,0,0
8238753,2026-02-01 14:00:00,1769954400,incomplete,23,2025/2026,2026-02-01,15068,Italy Serie A,518,Como,464,Atalanta,1.69,1.35,,,2.25,3.4,3.1,0.41883568448241604,0.27717067355454006,0.3039936419630439,1.06,8.5,1.3,3.75,1.9,1.9,3.16,1.3,6.5,1.1,1.73,2.04,1.33,0,1.63,53,96,81,29,24,5,2.526315789473684,0.5263157894736842,1.98,3.04,,,,1.75,2.59,0,0,0,0,0,0
8360552,2026-02-01 14:00:00,1769954400,incomplete,20,2025/2026,2026-02-01,14932,France Ligue 1,57,Olympique Lyonnais,441,Lille,1.65,1.59,,,1.85,3.7,3.9,0.5064935064935064,0.2532467532467532,0.2402597402597403,1.05,11.0,1.25,3.7,1.75,1.95,2.95,1.36,5.5,1.13,1.7,2.14,1.29,0,1.85,39,100,78,62,22,22,2.571428571428571,0.5714285714285714,2.34,3.24,,,,1.49,1.83,0,0,0,0,0,0
8227580,2026-02-01 14:30:00,1769956200,incomplete,20,2025/2026,2026-02-01,14968,Germany Bundesliga,51,Stuttgart,42,Freiburg,1.68,1.23,,,1.66,4.13,4.5,0.5647082416714271,0.22697716251200217,0.20831459581657086,1.03,16.5,1.15,4.6,1.61,2.3,2.45,1.48,4.3,1.2,1.57,2.3,1.22,0,2.1,47,85,74,52,37,32,2.62111801242236,0.6211180124223602,2.28,2.91,,,,1.6,2.38,0,0,0,0,0,0
8200598,2026-02-01 15:15:00,1769958900,incomplete,22,2025/2026,2026-02-01,14956,Spain La Liga,284,Real Betis,288,Valencia CF,1.8,0.98,,,1.86,3.6,4.5,0.5181347150259067,0.2677029360967185,0.2141623488773748,1.02,10.0,1.29,3.77,1.92,1.99,3.25,1.33,5.3,1.11,1.7,2.0,1.3,0,1.99,45,95,80,55,35,15,2.5208333333333335,0.5208333333333334,2.25,2.7800000000000002,,,,1.42,2.0,0,0,0,0,0,0
8227411,2026-02-01 15:30:00,1769959800,incomplete,20,2025/2026,2026-02-01,15115,Portugal Liga NOS,183,Gil Vicente,1033,Famalicão,1.66,1.43,,,2.62,3.0,2.78,0.35514146042344447,0.31015687543647485,0.3347016641400808,1.04,6.85,1.38,2.64,2.38,1.59,4.1,1.16,8.5,1.01,1.9,1.85,1.4,0,1.47,33,100,56,17,11,0,2.4201680672268906,0.42016806722689076,2.11,3.09,,,,1.41,1.74,0,0,0,0,0,0
8007596,2026-02-01 15:45:00,1769960700,incomplete,21,2025/2026,2026-02-01,14936,Netherlands Eredivisie,373,Heerenveen,376,Utrecht,1.82,1.53,,,1.83,3.75,3.9,0.510925955038516,0.24933186605879581,0.2397421789026883,1.03,13.0,1.16,4.2,1.65,2.15,2.6,1.44,4.81,1.17,1.57,2.25,1.26,0,1.85,79,100,95,63,42,21,2.606060606060606,0.6060606060606061,2.18,3.35,,,,1.33,1.62,0,0,0,0,0,0
8206414,2026-02-01 16:15:00,1769962500,incomplete,20,2025/2026,2026-02-01,14932,France Ligue 1,444,Angers SCO,438,Metz,1.22,0.99,,,2.1,3.4,3.63,0.4553403431101272,0.28123962368566685,0.2634200332042059,1.06,8.0,1.35,3.31,2.0,1.7,3.65,1.25,6.55,1.07,1.83,1.89,1.3,0,1.67,63,100,95,57,41,31,2.5,0.5,2.12,2.21,,,,1.7,2.52,0,0,0,0,0,0
8360543,2026-02-01 16:15:00,1769962500,incomplete,20,2025/2026,2026-02-01,14932,France Ligue 1,445,Nice,491,Brest,1.43,1.07,,,2.1,3.55,3.1,0.44072887464957955,0.26071285542651185,0.2985582699239087,1.01,11.0,1.25,3.64,1.83,2.0,2.95,1.36,5.15,1.12,1.66,2.23,1.29,0,1.74,56,100,78,50,33,17,2.5464480874316937,0.5464480874316939,2.2199999999999998,2.5,,,,1.49,2.06,0,0,0,0,0,0
8360576,2026-02-01 16:15:00,1769962500,incomplete,20,2025/2026,2026-02-01,14932,France Ligue 1,439,Toulouse,479,Auxerre,1.62,1.13,,,1.54,3.5,5.0,0.5720823798627002,0.25171624713958807,0.17620137299771169,1.06,8.0,1.41,2.9,2.15,1.68,3.94,1.2,7.7,1.06,2.0,1.68,1.29,0,2.08,37,95,74,47,36,10,2.4651162790697674,0.46511627906976744,2.23,2.75,,,,1.6,2.14,0,0,0,0,0,0
8223590,2026-02-01 16:30:00,1769963400,incomplete,24,2025/2026,2026-02-01,15050,England Premier League,92,Tottenham Hotspur,93,Manchester City,1.45,1.43,,,4.2,4.0,1.72,0.22262490292518766,0.23375614807144707,0.5436189490033653,1.01,15.0,1.18,4.9,1.66,2.32,2.55,1.45,4.33,1.14,1.63,2.2,1.25,0,1.2,55,96,78,55,14,5,2.602409638554217,0.6024096385542169,2.27,2.88,,,,1.42,1.96,0,0,0,0,0,0
8227574,2026-02-01 16:30:00,1769963400,incomplete,20,2025/2026,2026-02-01,14968,Germany Bundesliga,33,Borussia Dortmund,552,Heidenheim,1.69,1.23,,,1.13,6.1,11.0,0.7764136861715054,0.14382745333996738,0.07975886048852737,1.02,20.0,1.08,5.75,1.43,2.75,2.1,1.7,3.3,1.33,1.75,1.95,1.13,0,4.25,50,100,84,56,22,17,2.699300699300699,0.6993006993006994,2.2199999999999998,2.92,,,,1.44,1.96,0,0,0,0,0,0
8238712,2026-02-01 17:00:00,1769965200,incomplete,23,2025/2026,2026-02-01,15068,Italy Serie A,1046,Cremonese,470,Inter Milan,1.04,1.85,,,10.5,5.8,1.27,0.09026850161149987,0.16341711498633596,0.7463143834021642,1.01,15.0,1.18,4.4,1.6,2.33,2.55,1.44,4.9,1.15,2.0,1.73,1.11,0,1.08,50,90,75,40,25,10,2.625,0.625,2.15,2.89,,,,1.5,1.84,0,0,0,0,0,0
8200778,2026-02-01 17:30:00,1769967000,incomplete,22,2025/2026,2026-02-01,14956,Spain La Liga,293,Getafe CF,281,Celta de Vigo,1.15,1.21,,,2.86,2.9,2.88,0.33565354381339724,0.33102383976079863,0.33332261642580413,1.1,5.5,1.66,2.24,2.88,1.4,5.75,1.08,14.0,1.01,2.15,1.67,1.45,0,1.45,50,95,60,30,10,5,2.3472222222222223,0.3472222222222222,2.2,2.36,,,,1.95,2.85,0,0,0,0,0,0
8227410,2026-02-01 18:00:00,1769968800,incomplete,20,2025/2026,2026-02-01,15115,Portugal Liga NOS,114,Sporting CP,163,CD Nacional,2.31,1.37,,,1.08,11.0,22.0,0.8716323296354993,0.08557844690966722,0.04278922345483361,1.01,24.0,1.06,6.53,1.35,2.89,2.0,1.88,3.1,1.3,2.16,1.62,1.05,0,7.4,41,100,85,54,27,11,2.7407407407407405,0.7407407407407407,2.19,3.68,,,,1.35,1.83,0,0,0,0,0,0
8007593,2026-02-01 19:00:00,1769972400,incomplete,21,2025/2026,2026-02-01,14936,Netherlands Eredivisie,398,Volendam,366,Go Ahead Eagles,1.36,1.23,,,3.0,3.66,2.24,0.31656009637661014,0.25947548883328697,0.42396441479010283,1.04,16.0,1.17,4.6,1.57,2.4,2.29,1.5,4.2,1.17,1.5,2.53,1.6,0,1.36,75,100,90,70,40,15,2.6369426751592355,0.6369426751592356,2.3,2.59,,,,1.4,1.59,0,0,0,0,0,0
8238575,2026-02-01 19:45:00,1769975100,incomplete,23,2025/2026,2026-02-01,15068,Italy Serie A,476,Parma,90,Juventus,1.18,1.64,,,7.3,4.5,1.5,0.13353115727002965,0.21661721068249257,0.6498516320474776,1.05,10.0,1.29,3.5,1.95,1.85,3.22,1.3,5.9,1.11,2.0,1.73,1.22,0,1.11,36,91,60,27,9,0,2.5128205128205128,0.5128205128205129,2.17,2.82,,,,1.55,1.95,0,0,0,0,0,0
8360562,2026-02-01 19:45:00,1769975100,incomplete,20,2025/2026,2026-02-01,14932,France Ligue 1,480,Strasbourg,68,PSG,1.52,1.84,,,5.0,4.0,1.6,0.186046511627907,0.23255813953488372,0.5813953488372093,1.02,17.0,1.15,5.25,1.51,2.48,2.3,1.53,4.0,1.22,1.58,2.2,1.17,0,1.12,42,95,64,48,21,21,2.662251655629139,0.6622516556291391,2.34,3.3600000000000003,,,,1.66,2.14,0,0,0,0,0,0
8200597,2026-02-01 20:00:00,1769976000,incomplete,22,2025/2026,2026-02-01,14956,Spain La Liga,285,Athletic Club Bilbao,290,Real Sociedad,1.61,1.55,,,2.25,3.2,3.25,0.41746111389864526,0.29352734570998495,0.28901154039136984,1.04,6.75,1.4,2.9,2.31,1.65,3.84,1.22,7.2,1.03,1.85,1.85,1.36,0,1.67,60,100,65,40,15,5,2.432900432900433,0.4329004329004329,2.25,3.16,,,,1.44,1.85,0,0,0,0,0,0
8227412,2026-02-01 20:30:00,1769977800,incomplete,20,2025/2026,2026-02-01,15115,Portugal Liga NOS,169,CD Tondela,78,Benfica,1.26,1.8,,,15.04,6.51,1.22,0.06394613909344016,0.1477342445415269,0.7883196163650329,1.02,13.2,1.26,3.78,1.75,2.09,2.93,1.34,4.5,1.09,2.58,1.48,1.12,0,1.03,33,89,67,56,22,0,2.571428571428571,0.5714285714285714,2.39,3.06,,,,1.56,2.04,0,0,0,0,0,0
8405582,2026-02-01 23:00:00,1769986800,incomplete,4,2025/2026,2026-02-01,15234,Mexico Liga MX,1427,Querétaro,1417,Pachuca,1.02,1.46,,,3.17,3.3,2.12,0.2893611389148544,0.2779620637454814,0.4326767973396643,1.06,9.5,1.3,2.97,2.0,1.87,3.5,1.25,7.1,1.07,1.82,1.88,1.26,0,1.3,48,98,74,53,29,8,2.5,0.5,2.29,2.48,,,,1.46,2.04,0,0,0,0,0,0
8405577,2026-02-02 01:00:00,1769994000,incomplete,4,2025/2026,2026-02-02,15234,Mexico Liga MX,1449,Atlético San Luis,1431,Guadalajara,1.26,1.53,,,3.93,3.5,1.89,0.2379693283976732,0.26720556017224445,0.49482511143008245,0.0,0.0,0.0,0.0,1.85,1.95,0.0,0.0,0.0,0.0,0.0,0.0,0.0,0,0.0,58,96,74,55,29,22,2.5405405405405403,0.5405405405405405,2.31,2.79,,,,0.0,0.0,0,0,0,0,0,0
8227268,2026-02-02 18:45:00,1770057900,incomplete,20,2025/2026,2026-02-02,15115,Portugal Liga NOS,998595,AVS,172,Sporting Braga,1.23,1.72,,,7.5,4.75,1.38,0.12478583666476298,0.1970302684180468,0.6781838949171902,1.03,12.2,1.26,3.62,1.91,2.04,2.89,1.32,5.88,1.08,2.05,1.69,1.2,0,1.06,55,100,80,55,30,5,2.5235602094240837,0.5235602094240838,2.25,2.95,,,,1.67,2.11,0,0,0,0,0,0
8238576,2026-02-02 19:45:00,1770061500,incomplete,23,2025/2026,2026-02-02,15068,Italy Serie A,466,Udinese,113,Roma,1.45,1.46,,,3.9,3.3,1.79,0.2293268110878174,0.271022594921966,0.4996505939902166,1.06,8.0,1.37,3.0,2.21,1.67,4.0,1.22,9.0,1.06,1.95,1.8,1.94,0,1.25,41,100,59,36,14,5,2.4524886877828056,0.45248868778280543,2.27,2.91,,,,1.67,2.22,0,0,0,0,0,0
8200765,2026-02-02 20:00:00,1770062400,incomplete,22,2025/2026,2026-02-02,14956,Spain La Liga,298,RCD Mallorca,98,Sevilla FC,1.28,1.29,,,2.35,3.2,2.9,0.39297056955325005,0.288587762015668,0.31844166843108196,1.08,7.5,1.41,2.84,2.2,1.66,4.0,1.19,8.3,1.05,1.95,1.9,1.39,0,1.53,65,100,85,55,25,10,2.4545454545454546,0.45454545454545453,2.2,2.5700000000000003,,,,1.49,2.04,0,0,0,0,0,0
8223586,2026-02-02 20:00:00,1770062400,incomplete,24,2025/2026,2026-02-02,15050,England Premier League,156,Sunderland,145,Burnley,1.25,1.0,,,1.72,3.55,4.6,0.5380914722551733,0.26070910768419664,0.20119942006063002,1.06,9.0,1.41,2.9,2.26,1.66,4.05,1.2,8.5,1.06,2.05,1.73,1.3,0,2.12,73,96,91,59,32,23,2.442477876106195,0.4424778761061947,2.18,2.25,,,,1.64,2.36,0,0,0,0,0,0
8227269,2026-02-02 20:45:00,1770065100,incomplete,20,2025/2026,2026-02-02,15115,Portugal Liga NOS,4810,Casa Pia,82,Porto,0.93,1.66,,,10.0,5.5,1.28,0.09406734366648851,0.17103153393907003,0.7349011223944415,1.01,10.0,1.21,3.62,1.8,2.04,3.05,1.33,5.87,1.09,2.33,1.49,1.14,0,1.03,38,95,80,42,22,11,2.5555555555555554,0.5555555555555556,2.12,2.59,,,,1.59,2.05,0,0,0,0,0,0
